<?xml version="1.0" encoding="utf-8" standalone="yes"?>
<rss version="2.0" xmlns:atom="http://www.w3.org/2005/Atom">
  <channel>
    <title>Tags on Andrei Gramakov - Personal Page</title>
    <link>https://agramakov.me/tags/</link>
    <description>Recent content in Tags on Andrei Gramakov - Personal Page</description>
    <generator>Hugo -- gohugo.io</generator>
    <language>en-us</language>
    <atom:link href="https://agramakov.me/tags/atom.xml" rel="self" type="application/rss+xml" />
  </channel>
</rss>
