<rss version="2.0" xmlns:atom="http://www.w3.org/2005/Atom">
  <channel>
    
    <title>Andrei Gramakov - Personal Page</title>
    <description></description>
    <link>http://localhost:1313/</link>
    
    <language>en</language>
    <copyright>Copyright 2024, Calvin Tran</copyright>
    <lastBuildDate>Wed, 03 Apr 2024 22:52:15 +0200</lastBuildDate>
    <generator>Hugo - gohugo.io</generator>
    <docs>http://cyber.harvard.edu/rss/rss.html</docs>
    <atom:link href="http://localhost:1313//atom.xml" rel="self" type="application/atom+xml"/>
    
    
  </channel>
</rss>
